[
  {
    "type": "event",
    "name": "ProposalCreated",
    "inputs": [
      {
        "indexed": true,
        "name": "proposalId",
        "type": "uint256"
      },
      {
        "indexed": false,
        "name": "proposer",
        "type": "address"
      },
      {
        "indexed": false,
        "name": "targets",
        "type": "address[]"
      },
      {
        "indexed": false,
        "name": "values",
        "type": "uint256[]"
      },
      {
        "indexed": false,
        "name": "signatures",
        "type": "string[]"
      },
      {
        "indexed": false,
        "name": "calldatas",
        "type": "bytes[]"
      },
      {
        "indexed": false,
        "name": "startBlock",
        "type": "uint256"
      },
      {
        "indexed": false,
        "name": "endBlock",
        "type": "uint256"
      },
      {
        "indexed": false,
        "name": "description",
        "type": "string"
      }
    ],
    "anonymous": false
  },
  {
    "type": "event",
    "name": "VoteCast",
    "inputs": [
      {
        "indexed": true,
        "name": "voter",
        "type": "address"
      },
      {
        "indexed": true,
        "name": "proposalId",
        "type": "uint256"
      },
      {
        "indexed": false,
        "name": "support",
        "type": "uint8"
      },
      {
        "indexed": false,
        "name": "weight",
        "type": "uint256"
      },
      {
        "indexed": false,
        "name": "reason",
        "type": "string"
      }
    ],
    "anonymous": false
  }
]