[
  {
    "type": "event",
    "name": "Staked",
    "inputs": [
      {
        "indexed": true,
        "name": "user",
        "type": "address"
      },
      {
        "indexed": false,
        "name": "amount",
        "type": "uint256"
      }
    ],
    "anonymous": false
  },
  {
    "type": "event",
    "name": "Unstaked",
    "inputs": [
      {
        "indexed": true,
        "name": "user",
        "type": "address"
      },
      {
        "indexed": false,
        "name": "amount",
        "type": "uint256"
      }
    ],
    "anonymous": false
  },
  {
    "type": "event",
    "name": "RewardPaid",
    "inputs": [
      {
        "indexed": true,
        "name": "user",
        "type": "address"
      },
      {
        "indexed": false,
        "name": "amount",
        "type": "uint256"
      }
    ],
    "anonymous": false
  }
]