[
  {
    "type": "event",
    "name": "AlertPosted",
    "inputs": [
      {
        "indexed": true,
        "name": "fingerprint",
        "type": "bytes32"
      },
      {
        "indexed": false,
        "name": "reporter",
        "type": "address"
      },
      {
        "indexed": false,
        "name": "severity",
        "type": "uint8"
      },
      {
        "indexed": false,
        "name": "timestamp",
        "type": "uint64"
      }
    ],
    "anonymous": false
  },
  {
    "type": "event",
    "name": "BountyPaid",
    "inputs": [
      {
        "indexed": true,
        "name": "fingerprint",
        "type": "bytes32"
      },
      {
        "indexed": false,
        "name": "reporter",
        "type": "address"
      },
      {
        "indexed": false,
        "name": "amount",
        "type": "uint256"
      }
    ],
    "anonymous": false
  }
]